telegram_id,username,tickets_count
7137575567,illu7mina8ti6,59
5362760650,Pasducks,56
7170676083,,50
515904619,Monalisaton69,49
1375503792,simon8611,46
1408177576,az4eke,46
1034047280,kira1xx,41
5976101534,khayotzoda,37
877080347,mttvlsquat,37
6065438566,fragerorg,37
768579061,paolobeopic,36
1275263380,me_me_mentomori,34
5140155893,Spectrenomer1,33
783441369,tonscxm,32
6586100143,maksimsvora,28
6818161843,alex_cthulu,27
6543798722,,25
917844217,ABOSYAN,25
907859843,JymmyT,24
6901607298,tonenjoyeer,24
6917514253,ant1Query,23
1915564077,Annassbeldia,23
1895440911,dufyak,23
5853023301,Amirchik_vip,22
6599747050,Jupiter066,22
6339879555,Asad_bek477,22
5767277048,,22
5430873150,Mekkidev,21
1603300135,Aari_Wastag,21
7249086603,MagicBrusel,21
7381933315,Thnkbyty,20
5018126983,Ssdnvm,20
385567866,grigryyy,19
5910780106,tontranx,19
1864913930,CatizenGold,19
6018617635,bearanime,19
1233624778,MihailLolhehhe,18
370913643,MaksymPavliuk,18
5344663782,wwrein,18
7466308844,naivedegen,18
873460030,qwa16,18
779937274,kranalicio,17
807069796,kingstream1,17
655133708,tanboy_cing,17
1841755858,NexTech418,17
5629038273,Maqsadbek_Madrimov,17
7386222279,Ale_xandr_SHev,17
5423089273,DQlfi,16
6771759968,tonblaym,16
7082771173,etambfugg,16
7375271956,,16
725443699,alexanderthecreator,15
1739123379,flamekiller,15
784314122,sportfanlive,15
1730002700,duckinator,15
6203347667,bratuxaaaaaaaa,15
1041025181,tontinkler,15
5397646749,chujianyy,15
6747351760,ohw999999,15
7287669516,,15
6795299258,vip_username,15
670311722,alanalan8,14
1865353572,OlegIRK,14
1659121370,koSS0012,14
1094397463,Barov1k,14
6579309074,Empire_airdrop_admin,14
2108802599,Simple_Andy,14
6762995139,Fabianolorez,14
6714943319,your_1slam,14
1628192350,v1beTON,13
653979386,benzoguk,13
7065071516,Shadowtonn,13
733532788,xopeklox,13
6692738597,Dave1515155,13
5995502692,ZUKKO_TOP,13
6095696184,krt_1111,13
2077558289,,13
7376231388,zabvier,13
7256333157,catledy_meow,13
864637058,Vitalka753999,12
440717294,Ave_u,12
5339284847,Q9341,12
748227586,Cracker_1988,12
549412215,tonbosspublic,12
319288392,Ilya1310,12
1132768009,omerturut,12
6188958086,,12
7204585551,,12
6466841633,velvet_gainz,12
5742655342,sups31,12
1602428679,sspp54321,12
6899593383,GaiusFrakkinBaltar,12
301147894,Stanislav23114,12
385481935,Bohdan_228,11
440685122,ofowj,11
102804151,IllIlIIIlll,11
5070033707,raytonix,11
368903360,xsilentmode,11
7473409890,bigballsdurev,11
5217423790,waka_xw,11
1897107783,jd_prince,11
5006238458,bullishbeers,11
331540952,TheGalacticCollision,11
462183996,svs1c1s,11
5588415838,mukhammadabdullaev,11
1798203334,danater_Usmonbek,11
689411246,ramik190,10
1627361289,koindall,10
122306987,TroubleNumber,10
1669255892,stewars00,10
5544942890,inter_Temur,10
6324449021,,10
7203297821,endy_fun,10
7318694943,AMERICANMAGA,10
7406307888,gptradingclub,10
7455144191,BossDurev,10
6575322856,Vitk0vskyi,9
827206583,mikraken,9
651374583,papa_tona,9
5953923757,sonicaped,9
883074949,xjgr42,9
113740302,Ayoasun,9
5668144803,,9
1012435345,qdeg77,9
1178610184,Hamsaadex,9
1174735686,lilhappyreal,9
70537075,Ameeralratwey,9
905061885,ApecoFar,9
1304952053,TonCNN,9
55007577,AbdullaevJB,9
6951006964,A4z3a5,9
870666675,Ozodblack,9
124796645,karfly,8
1289633420,tynkz,8
5722958759,Gemblin,8
805025141,lego_potato,8
1014159598,aristocrat_og,8
267536264,d_dvach,8
351118997,Hmmmsmsm,8
6257406020,PinguFuz,8
6286845970,sebddd,8
6822572070,nonfungibletrader,8
6759586319,jfddghcxx,8
862597335,HSMG32,8
6064165364,GlavaShimkenta,8
5666848452,notbesthuman,8
706859628,dimusii,8
7389072878,,8
936593990,tewkss,8
710113831,makeiez,8
6450554934,Mdissm,8
6149402793,linlin202209,8
958195949,Saimhero55,8
5667875043,Aslbek_21,8
389492777,aeshboev,8
6848645091,,8
6221276208,malagaalmalagal,8
5473125728,,8
958584,Ayupov591,8
786297513,mrkymk,8
1114001694,Libertistar,8
6700500709,syre1x,7
1292930343,gsxuhs,7
522760092,m1ch44el,7
583218774,Yurij_Sakun,7
757596450,maxrxl2,7
5762798173,game_over0938,7
6928296858,chizumeij,7
1007066550,Pro_ibs,7
5124351437,whale_trust,7
1040620324,Dan4ikovichevskievich,7
1044430590,sifou003,7
6204394014,tyke_23,7
271433851,Black4_2_1,7
6433607319,Quaszyyy,7
5549600663,danger_cap,7
6709406456,,7
624819586,,7
6800687736,Vas77g,7
370702858,CobraRoost,7
1532098578,salox_dead,7
6061810131,Fazikros,7
1045158605,the_cane,7
455679091,shestakov_il,7
6736097141,gemcashadmin,7
2069551325,,7
391011932,druswell,6
6254607007,nevaznich,6
740105171,Chassie0,6
748855730,refa_gem,6
1381890490,brbav,6
6338488777,dracdracula,6
392202964,KoMilitta,6
6310247748,,6
189571086,Canizaro0,6
1184334966,satoshiNatone,6
6694771732,scarabosh,6
1165780529,RoastedCorrin,6
5624189179,flipperboy,6
7240934234,ABU_GARANTS,6
658956102,Kirill_my,6
1322298171,Xasan768,6
485942724,YoqubKamolov,6
7008998832,Effected123,6
6375199671,Lukeeee,6
7288157438,dmitriyezzzz,6
26837167,pi_er_re,6
7289760634,SonicNaTone,6
1938760045,danielwh9,6
5694811421,,6
5643863133,xxx_hugo,6
6235572803,commandervlogs,6
7144113618,COREDUROV,6
179052688,niko_0x,5
902763729,avanda3,5
1619273877,inueros,5
469693768,LostChambers,5
901832707,bars_n,5
6498836540,lesha_adm,5
1662401394,sukadurov,5
7140150471,FamousFortune1,5
1421907728,SwiftFrog,5
1096378892,twoh2h,5
188106136,sayome,5
1321121163,,5
384076654,ThenorthNesh,5
5905689575,thehenesy,5
497129165,telqe,5
460791047,unknown_qor,5
6970010375,underground_trading,5
2113075726,cest_baba,5
6558840175,smokerhookah,5
6315439215,tanrimmmmmm,5
291857972,Jauzzo,5
989000859,Eugene_dresscup,5
378247604,Didzjones,5
2003168318,maks3113,5
5162787918,jalilov_sherzod,5
1450188583,amirov_dev,5
5869136588,Piffu9,5
644320937,If3329,5
2131826147,Jazzytothemoon,5
7094049461,wowzxj,5
1580509105,Tomay00,5
1695677076,Caralho27,5
916951891,Remy_curbet,5
1814137106,Ruubscuub,5
7337701470,Ethadenz,5
6819974982,yaya_zh,5
995259746,imafoolk,5
6074909015,Shisui_ETH,5
5956558009,arabi_garant,5
1798341412,Sardor_2004,5
2111219390,AzizMansurov,5
6016472705,salamon1708,5
1386834337,HM27zZ,5
6125830947,ontonic,5
309803967,ne_grin,5
1279156188,,5
7183260242,Iza999,5
1269122795,AsadullaAkramovich,5
1730484285,nottonhp,5
675190299,saddnessinmyveins,5
6383088223,Dxbzone971,5
828123558,Davlatyor_official_10,5
7497103878,,5
437362854,maxxdxxd,5
6462459333,Pepitatos,5
460299771,Barisakblt76,5
6196882996,,5
1566478904,Wololo87,5
6426822469,AimZcryp,5
7410557537,tonho1in,5
7451451289,LadyBears,5
6046555365,LuckyMopo,5
7083328501,borz1zs,5
833308005,amir_25_96,5
311023829,sashadams,5
7425003422,m0vdev,5
5938764446,,5
6134292553,Tales1707,5
7023216027,fuck_fizzee,5
5406051503,artcrypto_fund,5
7220609041,,5
5026304149,alex1024rg,4
652991463,Vorsk1a,4
1850145962,iprzrch,4
1695530514,skillkeep,4
5728131530,mulipolars,4
967662052,bkonov,4
1754446533,doobreyshiiy,4
6601357268,BorisSmk67,4
737074298,,4
721709185,avangard_ton,4
349189061,whatitwastoday,4
1068536942,Jane_Dev93,4
1095553281,tonovoy,4
6526617543,renegant,4
6648675269,wa1let,4
750846760,frenzyer,4
1058110330,solltce,4
1252048535,grindich,4
6995252591,robbielawler,4
509772084,n0o0b7,4
776673927,people001,4
740754511,lavset,4
389589528,nouveaur1che,4
147664432,whywint,4
6821813321,truerng,4
772609812,Msl2309,4
5792488634,ceomtk435,4
921005670,,4
945359856,slange_child,4
1827577150,,4
420313769,Ctotonn,4
1161972377,Apusell,4
274877691,SmorodinAN,4
6580080472,ether3alwinter,4
647888948,GreenYugi,4
6966563258,xiaocilao31,4
6658258264,MartinTonPump,4
678516004,Draco_YouTube,4
6416665857,Chynarya,4
7060781399,Ximamans,4
6319751307,d_jonesss,4
6997235184,Oh_man12,4
6993475418,TonColdMist,4
6720153051,refjeff,4
5198649439,ShyGORF,4
6119790842,Dafdberma,4
6545444517,chinaawaken,4
1018028802,Dexotic21,4
135919509,Gennnnadiy,4
5642381870,HUGO_1205,4
1401481103,saintabuses,4
1902050868,ganjaboiii,4
801794229,sasa228666,4
573853101,cardiologist011,4
5335518727,ndytd,4
2077586836,John900C,4
888640928,el3ek,4
1361540699,CrypTONreo,4
2072903370,ismoilovofficciall,4
5761346999,Sadraa1990,4
7124785661,,4
6882836120,Hashimzeidani,4
7243430605,teluxxxx,4
572667152,NickWhiteman,4
7282453176,steleumvision,4
6643120300,ua_ptashka,4
7327624247,Jack_sparrowdev,4
1213461304,neoksit,4
264148667,NMUnicorn,4
6157415323,CryptoCripz,4
1855208752,Ikamal_Update,4
736608898,Kryxious,4
5959564880,Tiga_L,4
5807444862,Swervo200098,4
203382143,crypticriz,4
7265546245,johnkoala56,4
6602550684,,4
5518506106,mohammadrezamzh,4
7272646915,defi_sll,4
6978017258,,4
7072739907,,4
99907447,Consentor,3
1711785250,ablok,3
1051464361,AleksMoises,3
5491079456,Iastseenrecently,3
276078176,MickeyGypsy,3
5156216565,brakteronik,3
867664926,,3
711597316,ton_prems,3
425966904,N1ghtmarezz,3
1867416678,uncultur,3
398626567,cryprobalbes,3
2036719416,vargu6,3
950986141,MAN_TON,3
1247869930,,3
2077764404,somejob_to,3
7056288770,WalletBrett,3
1250708018,kambium98,3
1698518013,HOKA404,3
743491377,xx1wway,3
934213724,dedushamazai,3
5770573746,Heligorno,3
6304660580,TIM_OWNER,3
399853286,xakot,3
6464819796,swagofi,3
709215149,nnnnnanbobo,3
705131049,Loompik,3
6135612383,Greenkeeng,3
907500709,khanyusupoff,3
447853120,Kosmosila_by,3
1006582837,yashenlo13,3
1439043233,sokoks_s,3
6242359642,PaulieCicero,3
445206352,strmstrgt,3
419052259,MarkianBanah,3
5831430114,W_MAFIA,3
885998391,dwhiz,3
6689238956,G1H9gg,3
6991920745,owjskaf,3
779036135,yoshi223,3
906531893,Sh3iKhas,3
2005802380,igall1989,3
1947467919,NeMyName,3
1891212606,Fire_Alchemist_Fire,3
1326572268,Pirojulka_a,3
1749054427,SergeyServiceTGN,3
5553393502,ligue111,3
7391870586,fro4k,3
2089310113,slynjk,3
6594507915,vovamixer,3
800866325,slowcow,3
1813306693,Batigol8590,3
97328752,,3
6124923991,Zahirtioula,3
5968771977,piggy11111111,3
5099234237,IntelCharm,3
824220744,SolRavens,3
6016426080,sunnyrocketday,3
7007715301,R3oodi,3
5371315727,maneragod,3
52956380,AlekseyVolkov,3
5193824118,z007asah,3
1519810700,Marxxcoo,3
1050081637,DeFiAlbert,3
6713407085,qaz9651,3
934271314,ANQrus,3
5608468216,ToTheMoonWeGo1,3
403679409,MAGISTRATURA138,3
6409740407,jazejazz,3
280216136,PavelShayh,3
1651691650,TakeRoses,3
517286276,Weedamins,3
6575865095,asil_0818,3
996075343,MaqsadJaan,3
6571414830,,3
294245432,Romanskyy,3
1844256493,residentazeroy,3
6779635206,Dojij,3
191759719,berryrazmi90,3
1452446349,rughb,3
1075368922,Bulkouille,3
5524668809,hamster_crypto2024,3
5682306099,prince_usman786,3
7221872487,tunnelcap,3
6329555937,,3
1219864367,p2erider,3
5340098957,Crypto_hamsster,3
375275971,MyDamnation,3
5561929274,tradionly,3
6655953623,,3
516208632,estorq,3
6770755290,illiasan,3
6511833996,Anikassi,3
582241656,tortugaslife,3
7220261716,tonrcs,3
6482944167,Ietterly,3
7226984739,Drowerna,3
6704616476,Uzzarisa,3
1826128958,Ch0kss,3
1839088448,Olovuddinchoriev,3
1962822918,wuwuya1,3
1627020816,Jannis1201,3
5512877742,AHAPXYCT,3
6510359450,Kukufiw,3
6523687553,,3
373473908,Komiks1,3
5857455772,erdemmsk,3
6080351989,ABDULLAYEV_TOP,3
6634120323,,3
1197190655,,3
5871556575,Yuyuaim,3
5403336126,YUSUF_RESELLER,3
1220492400,Sinister_ogfv,3
7377216462,askhaflipper,3
813465688,Avazbekkarimov1991,3
950350018,s716ss,3
315898717,ErgashevJavlonbek,3
1849131947,Ibroh1movv,3
1182461554,oct101984,3
1396503733,menarzullayev,3
6511791723,,3
5725533411,x_MR_B_x,3
260468747,Medic_Shohrux,3
6948150922,goooodw1n,3
712753829,thesanyammehta,3
692340348,ALL_arcan,3
1358728214,efeozyesil,3
156001891,Nosirov_95,3
6954479382,Maqsudov07,3
1010860030,,3
1699571790,Crypto_Shine,3
6408143246,Wexys19,3
6798549282,meiyang4837,3
6405702388,Sara_krush,3
6271149232,Shadow_The_Hedge,3
7003441693,,3
464415688,reebok009,3
280615376,vvmspace,3
1230564878,sasuki_4051,3
7093357900,aaron183Aaros,3
260205904,btcnavis,3
7456560202,,3
103246737,KorNikk,3
107408608,mksmost,3
6590173996,spanian95,3
6399104074,ilia_bah,3
1547313613,Sotmy,3
1296467835,dmnrx,3
695059496,perlenbetov,3
1662116399,Piotrekkolos,3
7186799502,tg_vteme,3
1976782521,kamroon_ake,3
6467871070,markredstone,3
372903010,Markus_123,3
5185350730,LLRai1,3
7234439632,DARKDUROVV,3
6792212044,C0inkin9,3
5682418855,Kwackyyy,3
1248527052,gotbenznow,3
1140069145,NiksGo,3
7410720745,ghostjony,3
6845755473,koulmray,3
7336111416,dream5207,3
7099704242,metarunner,3
7002631057,M9879751,3
7343135546,bobstelller,3
510568381,Ozzy8383,3
6831263612,iluwailuhin,2
947080132,Denchik170408,2
1255314241,darkdeeevil,2
128442306,tokarev_photo,2
6866429752,Gromnaton,2
162332155,zhabrail_n,2
6366666741,Weruuuuuu,2
400072858,Andreevich_NK,2
499408684,GuaniGucha,2
862127608,Menergan,2
244445429,lllaxmep,2
1092741049,Fr1sty,2
5254709680,suicideton,2
5072840752,osgosg,2
1161645061,tima_stv,2
760707109,bxqxz,2
705069695,,2
882685019,imbirnyy,2
969580705,Bochu5,2
748266024,Dkovinka,2
1102966575,smokeofguwap,2
6752681205,wencaniretire,2
6949342974,M0b5ter,2
6522928095,wannasleeeeeeeep,2
359460774,porelli,2
1244913820,deeonowa,2
6793973589,,2
6690644210,great_luffyalt,2
762757915,S0rano,2
743654309,Lumbasandro,2
916040533,strogoit,2
1246756845,chirickblvrd1,2
1693935663,forizzz,2
1250148020,bulldoger,2
5840257588,ladywarrior2,2
6924711848,Snap4anskijz,2
881985699,trigger_god,2
420781088,Mnilaxx,2
1141658975,sweetpug,2
380224578,vanzavay,2
305911495,jdocj,2
672050610,Temekeijo,2
1532827520,harrybake,2
1928053381,abzvvv,2
760896661,kudr523,2
1946178260,fiaskorang,2
5723804487,Y_nni_Gadgets,2
6638727938,rexa233_eth,2
1195381846,Linvgist,2
5025127337,Aston_Fr,2
1386393718,babylon201,2
215530364,dsatyb,2
1939628022,beware_the_dead,2
930872168,HumptyDumptyTon,2
7082317778,rokseypoksey,2
1038987193,Irjabik,2
377328787,SprashMan,2
890090565,IIYamatoII,2
1270573720,BisonheadR,2
5750487327,battu004,2
164292145,yojoz,2
735685143,Vladimir_Guarantor,2
6960583800,Bosco_Brian,2
742452909,NoNamesGuS,2
1428879876,David_loungeclub,2
6775232197,TsarNoir16,2
6994912459,zotren,2
1882389136,zhandarm1,2
302309919,Wimmol,2
5516560453,MikaelaRus,2
599113117,kaptollika_86rus,2
6081694282,slovenserg,2
5136527710,Giucrypto,2
972929627,doezarza,2
977589550,Dexletwen,2
1758515313,ezobox,2
756023408,BullRun20024,2
585867540,inveruu,2
8059925,face5895,2
1701567588,defiRy,2
468458019,shittyunit,2
7052470443,Silly_salmon,2
1507874790,Kaveeng,2
6020203476,,2
6596762952,ton_biba,2
1040484052,vsegda_na_visote_rostov,2
5320798686,egormoga,2
5153287612,neuralflo,2
5408636971,sd0229,2
7335616154,OfficalDexGrower,2
184560964,mcflury2225,2
5926105085,ZamaFH3,2
1019718422,Mahmoudezzat31,2
6338058865,arthuwang0081,2
6596108226,Boby6killer,2
1745330545,kingofgaspump,2
1563353994,matixmati,2
563008976,not_only_ceo,2
1440919421,jo_ndt,2
5167495007,,2
841408030,the1989flow,2
2016396276,Topctopc,2
690064683,Oliv_carlos,2
622377298,Smile_aLot,2
5580937302,creyor8,2
5962887553,Oktai0,2
5511718572,HuangyeOwa,2
481243404,NeMabuta,2
854312121,lmfalol,2
5932978799,,2
968002135,Tri467,2
629708542,kot1589,2
740303506,Ekawwe,2
2100800300,vitaliy_dja,2
848937069,Trei333,2
918289066,NINJA_WINN,2
585090540,esenton,2
7034353552,JORAXXSSEX,2
7013716735,doodagooo,2
7112851444,,2
632741202,r3lax114,2
5252399228,cucubaly,2
1504725240,kisakryto,2
807245038,Oxjustanormie,2
7310746044,,2
1676289478,Mscott04,2
5293125659,Mr_Insider,2
7217661887,shayzcrypto,2
1328158086,manite6,2
1070373903,leaderwiss,2
1142300165,Clockon,2
5863566022,mctbzkrt35,2
439429577,MohaDer71,2
1377271163,Tridentdent,2
6604349708,,2
5154858834,CryptoNinja4real,2
6634907139,Pamearla,2
6949982715,Fordadam140,2
6813989261,Ondonice,2
7105217613,Uelithan,2
7119235719,Zoeyadid,2
6795856333,Xinettan,2
6861466989,Tusienci,2
7223503761,Ysannead,2
6830056823,Quetania,2
6434519137,Hailanae,2
7007810321,Hachalsi,2
7472983962,Iahanato,2
1418126147,bisonto,2
537918673,Khasanboyev_02,2
1391159162,lxcassss,2
6722013807,stickerwarstonn,2
819903462,quecyog,2
107305438,NKK99,2
7094703466,BrotherTons,2
385478791,C3_INV,2
1237006625,Crazyhistory_s,2
5148093789,Drainasa,2
5334617171,TheProfessorinvestor,2
5454749044,lokych,2
1999888846,Namiii_Self,2
1766943036,mercier2001,2
1075196484,zoxac,2
6810607184,Peterburgta,2
914973634,A2601k,2
5479313288,ShaneHansen,2
2005327236,minero777,2
5517945357,haodp,2
5185860427,Xolmurodov_0_8,2
668539662,aegon213,2
7319803084,onemillion_ton,2
1324233377,octogran_1,2
7229948451,Johnny_B46,2
7081476755,,2
2111143400,Mirjalol_treyder,2
6710308543,,2
5209393953,Limpampy,2
689033328,MMSh_Pro,2
1649995918,,2
556405222,iamYUSUPOFF,2
961366893,muxriddin_offical,2
6918162597,Uzbekistan_airdropp,2
6755236439,ullugbek1,2
5921153725,Saidakbar3900,2
1213838773,adjsvekfjst,2
1018018487,Iskander_buyuk,2
1233232875,aspesuz,2
5554316113,,2
863816363,dsjjasdjhadlasdplkasdklads,2
1165199161,abdulazizchoriyev,2
7174855569,geogeo146,2
890653809,prislugagatina,2
6348381306,Nde_py,2
37020520,FayzuIIoh,2
1590745921,abdulaz1z16,2
5119443411,jahong1rovich_sh,2
5036395150,bassemabed,2
1387941237,The_person_6737,2
1136646002,abdufattohov_17,2
1090195025,tibbiyvideolarbazasi_admin,2
1908271854,DEVCLOUD9,2
1530336232,Theheron42,2
1016673877,Fabybabyy,2
6699100466,,2
254562974,cashdontmiss,2
5190388490,Far1rux,2
6461453032,,2
5106978109,Begimov_I,2
166915714,djpurtov,2
915272252,meotify,2
6843221937,DeveFrog,2
6825806059,bluntwerk,2
5417186453,,2
6050525617,,2
1164173085,DaNemos,2
7225719535,phRsIq,2
841550433,chamatamu,2
735386071,Kesha3454,2
5537921101,Uzb_Tele,2
371192342,romadanov,2
7386994863,,2
1096241798,,2
7036133710,staurotide_1916,2
6871585463,Janaekytten,2
565549287,jaehyuk1top,2
316212529,denisdao,2
6033047538,DEATHSWICHH,2
6611974742,Freadbuck,2
7122522608,Poopman_defi,2
419460311,Black_aanndd_Gold,2
6780284933,,2
889816989,beenextPC,2
6917992530,alisa1249875,2
7257662221,Pinnacle_1989,2
986778065,drole,2
697424097,sadlynothingtosee,2
7414812815,PhamThuvanC,2
7413182348,edon_eth,2
5980937267,Xojiakbar_Yursunov,2
7211546577,repandao,2
808203833,isakv7,2
7104257152,zzz_7772,2
7025800003,,2
658261893,manhhk,2
7018152302,Zafar20010312,2
758381968,Trentlaurence75,2
1371141439,MrKev108hz,2
486886657,chineseman0,2
1933966970,shkrutp,2
6715128024,DemoCRAP_TON,2
829167537,milkshakematchaaa,2
7054806835,BEWPEPESOL,2
6488252952,Iangrowlz,2
7005037541,,2
348098648,yanmilovski,2
6810582229,SeadsGems,2
7474718510,rubedevs,2
1792299119,AceUniversal,2
5929938679,Dmac357,2
1390375824,brin_ru,2
365504494,maverick3344,2
671561404,noirekozel,2
7173285127,mazkugeo,2
6666279256,showtimeend,2
6746043128,tonapexfounder,2
364381630,gaurav9187,2
1692191620,JsBobur,2
5275018253,Nodirbek_Normamatov,2
6757210984,,2
497157153,GOLdenDays09,2
5598437352,crptcrt,1
733454290,ego000,1
147498744,corefather,1
406883089,enthusiast1x,1
1996875432,myrkqq,1
491838977,vladislxv,1
316375336,Vladislav_Caravaggioo,1
6433858830,BerzloyCalls_ton,1
1523475931,HeyDenis,1
930484789,worty777,1
6055903930,barashinnettle,1
381239999,realtony88,1
252610406,enik06,1
5968073088,vlpco,1
406980860,Denmoom,1
1634275,airat,1
5126153973,iquutyy,1
6588852867,jdevc,1
716950733,qdhane,1
161622047,borninparis,1
205711378,CryptoGangBang,1
765239701,tontreezy812,1
189269714,r4cc00nize,1
5297466265,sergeybuevv,1
219803685,kanari11,1
1011262276,shortpet,1
5252082270,durondname,1
1898392927,tonwarner,1
1472409932,i604ceo,1
249566948,tr1xst3r,1
204130656,asdf_raze,1
1094156325,Ram_Ram_Ramm,1
1077801857,xnlxckx,1
937916473,rostik123,1
6776909326,fomoterasu,1
1628554985,Shin5524,1
6074398100,cxsoma,1
85496968,guPEKTOP,1
1277099776,fuck1ovesss,1
1003826119,dmukhr,1
1946972001,meshateu,1
6016397228,TheMoneyCrypto,1
5092368318,Techpidgin,1
1207720180,exzkiel,1
1399148083,epushceo,1
1242179187,baratrum52,1
7560360,lobynskyi,1
1086861029,blesstrapper,1
1650328238,soleilqqe,1
1337549301,CEOFUNDER,1
210204433,Quodlokus,1
1991595555,fr3izy,1
7182817256,insomniaaaaaaaaaaaaaaaaaaaaa,1
6115695618,xicus,1
1253548406,eyurec,1
139529281,sicknerd,1
1340243368,fearless_ton,1
1126190473,Taurine5,1
1898483693,themeryn,1
2125716912,dhlfs256,1
6653187144,t0rtik_k,1
7151186986,saka_hi,1
6872250069,saint_meber,1
7415314436,toncreat0r,1
6968350332,CryptoNexAdmin,1
361465270,acabya,1
1782274279,knap77,1
476604711,jkfella,1
415852939,fdfdrfd,1
322535177,desolovev,1
777053746,dragunov_ton,1
7110639001,t0nf0under,1
1809010865,egorka_921,1
5043492422,mados_4ever,1
5173096396,Mirby_ton,1
1049752313,ikhsan12,1
696951057,AkylaVvoDe,1
158991954,evgeny12345,1
5890359731,buyyton,1
497860235,MarkNguyen87,1
84736983,herald,1
307833774,konontsev,1
554615780,makspletnevw,1
1815761318,GreenWhalez,1
662551307,ttssddf,1
6500441448,WLPWKD,1
365087049,temakich,1
6504568825,Broloora,1
301153515,TON_LikeABoss,1
920586254,getoflad,1
6877449147,qn0km9,1
1350794505,Revenant_M7,1
700987352,pepega001,1
594733293,businessken,1
941687170,KirillMurs,1
1390469855,CryptoLord_10,1
753141438,dollar_magnat,1
572617307,MrMofEpe,1
1731884027,thetruechad,1
6442634427,FabTech16823,1
954384466,skrskrer,1
935901670,SplitSt,1
832610281,kirill12312,1
1488040202,Turbqnov,1
655334091,dm_knst,1
1320967094,AlexeiBikov,1
1087220499,,1
5606989563,FlooorDooor,1
780358374,pilottons,1
804754155,Ushver,1
409129040,gratesko,1
1137628648,ivan2la,1
297059769,sykyba89,1
5926569670,EGO_CHIEF_DEGEN,1
876593505,dimos852,1
97749929,talgaev,1
409760550,J1Beast,1
1030043130,Rods2000,1
5640251427,Vlastislav,1
444321620,Mongychongy,1
5878003407,,1
5900262455,Extiintx,1
6122252823,CryptoWithSairAdmin,1
6856951961,dimaklggg,1
229648394,,1
1359627068,Zeus_xxl,1
491718727,rostsh81,1
391641532,AYE_Rovno,1
1195526707,l8ll5,1
6745387884,papanatone,1
5764266863,chadrose197411,1
848661030,anekdo7,1
5709308991,hijabclub,1
1429642820,Jesus1ovesme,1
643081529,nkemel,1
7004164914,tongemalpha,1
7224108816,Alya_Uebanova,1
1905705092,shenpandiwang,1
5445502738,ox_ed_crypt,1
5429263283,Tim_firstSolid,1
317425241,Kaydg,1
321212639,LTFMaster,1
99527067,skytalll,1
1332163873,Emperor_Zeno,1
5335182128,Joachim72,1
1499957755,manumilitari93,1
880626127,tchoaaaa,1
926872571,jerem0405,1
1040868635,Georgijej,1
1622922548,WizFranko,1
1977196227,snaystv,1
1193315271,neptuna_music,1
1391490655,flolbv,1
7058567597,lpisonchain,1
1065643353,Base_crypt,1
7024056870,superxer,1
810630761,Svatosh,1
1131372877,blimlin,1
6675417487,xakton,1
2139659399,MarketM_kzn,1
5872810355,powerchef,1
5178905145,Forrymates,1
148803124,fmwch,1
941788381,Jarripote,1
1114965711,Iskunss,1
5638148473,s1nce1,1
1057557439,ypaypaypaypaypaypaypa,1
405088542,pppabbblo,1
1709216729,Perekos57,1
841245263,CryptoKaitoo,1
851510692,StalkQersk,1
6059051839,zedboy69,1
6483842216,GoldenFrogg,1
5822137412,BLIZARDvNOKI,1
5514106574,Nufada,1
261406626,EnTaroLex,1
864114170,isma_huisma,1
1311609201,your_godlucky,1
569567291,yokipp,1
825876420,sevintyon,1
1610533846,pacificJO,1
418363205,ekomsweed,1
5922807843,infy2024,1
7492850182,drwbyte,1
6415787396,CaptainGos,1
943228831,Alperfoman,1
1408341535,visiliyyo,1
6529267350,,1
5829336460,krazycoug,1
1806975835,Ipomoea8,1
1286450122,Aggxrwal,1
1036468362,yoni2529,1
6912723090,Saecrid,1
2084147879,,1
5256937943,tomsurf,1
1130270547,AHTCinc,1
877287213,clariantina,1
6941027452,hiphopwow,1
1792568546,Tonuserx,1
6964242004,gamer9911,1
6056756662,ommakbtc,1
832716749,yozhjazz,1
1761443280,G_Autie,1
2145214728,Winstoncastro,1
852597559,silver3_1_3,1
5891634395,alc4l01d3,1
635721033,,1
744815122,Xomepeet,1
387114299,amezh51,1
508944885,dadartoja,1
1431936171,ktrap41,1
6695048504,devapance,1
6223735820,DontWorryBoutThat2,1
264487413,Egor_Poluboyarinov,1
2045670651,Ceo_Microsoft,1
6801989214,dannas78,1
904700107,loeelll,1
857372434,NdrewFearsin,1
6005324397,Omarsaber1986,1
957886581,amif97,1
1012833186,EssamBahgat,1
5779023980,Kryptocook,1
5809301106,Alexbezyspexa,1
523318974,Lulleaux,1
127413363,gped8,1
6313730824,garethgameon,1
5103655393,BelleAthena,1
6231010860,Mangoman11111,1
1890741426,kdet9,1
6779006331,Kobbarai,1
7463527539,lordbenji247,1
6854047649,Tbo1111tcat2222tmoon3333,1
6264520335,patkamal2703,1
5430771248,megaSantos12,1
7215211863,,1
873906724,FOR2N,1
7178485915,AO20700,1
6452776545,DropAir2024,1
2129976786,supersix13,1
5004458741,rrtrom,1
5412361552,wolframeme,1
1018565222,vbisha,1
2124300194,Gopsnw,1
1842601797,audiopunkk,1
1145625926,K1NG_LEO,1
445465559,powerpuff_luv,1
1660373522,A7i3r4,1
6330223665,koukoubayia9,1
1535851987,Deliverystation16,1
5983500679,Stallinnn,1
1900790708,butcherishere,1
2055174083,lafeiMoon,1
5868329796,JohnyGonsior,1
5323715867,letmeout1,1
1460260817,Multypool,1
5266444973,yahyo_owner,1
5085109748,abdulllayevSardor,1
6737536921,blockchainbancit,1
200255531,UzCyberOne,1
6317467194,Word88bond,1
7049740179,bernicecaptain,1
7219852296,,1
6991842979,zack0x009,1
6736814298,nightking3x44556456,1
6553306521,AIDOaidoge,1
697003911,,1
6334182562,gaspump_official,1
6546871346,KingPepe00,1
7315819060,,1
5138209980,X_tenses,1
579174101,NoodsCrypto,1
674568071,neeltg,1
5029378650,Podtrie,1
6148681095,mussacio,1
5375538619,Kristal_fresh,1
1193214292,Madpenz,1
5189731400,realbluex,1
6770033153,,1
5030778658,CT2312,1
1580564409,N008Dev,1
6778538252,theohhhhh,1
1054561079,imatnam,1
6814950376,QUDUCK,1
6044799762,SandyWinando,1
6201339126,capitanArtur,1
392481066,Jonnybigcash,1
1245766117,scalevillain7,1
587205444,Valdomero27,1
5879222955,MeerkatTonWoo,1
6620761584,ibrhmzengin,1
5301385720,gurceloo,1
1286893210,leigerung1,1
502247796,Marisose,1
5043959617,Sefin001,1
7009991968,donalddon10,1
1247129860,stdev16,1
442272448,TohaTsaruk,1
507365116,WhalesTOMO,1
1617989131,Fox881,1
230470143,Teiwaze,1
488344501,sergeserge1,1
5132940403,,1
6623750153,SLP1313,1
1553922645,taknadobro,1
338672932,pomosh_nalog,1
1043820265,iamnowak,1
5583800441,memdodopizza,1
39287718,traptivist,1
85000612,Kirill_war,1
7193339055,biksaw,1
1303192319,Woland87rus,1
348177478,krasvas,1
1313298383,,1
7428700057,godedust,1
5874418556,qwerekw,1
131725459,belugio,1
554612996,Patricia1205,1
6104910533,tonhackfomo,1
857356575,razor4urneck,1
1846319684,BerIin_1584,1
689875481,cryptoninjaog,1
7007083996,florentstellar,1
7492546614,skottydavis,1
734480779,ElAzote_ESP,1
957041994,bravazsol,1
1512109928,,1
6523825015,kycrypto22,1
6685573187,D007dx,1
77511978,Mathoven,1
6409594782,bbbbcccx,1
738146724,daddy_durov_gp,1
5429279751,staypumping,1
1296748651,MDMKryptonite,1
6930697255,vitov888,1
1811511696,JayClooney,1
1966064866,arpitbothra,1
7465920724,lilhershey,1
1388816052,Sh1m3y,1
5717258547,oIoMoIo,1
6214116624,,1
6680264176,luffy3XX,1
5327297950,Lucashughes,1
2132665303,Rafal_kaa,1
5877356528,ccccfee11,1
1140855966,zwishn,1
1957767171,cryptomiong,1
6132743720,,1
7038801302,link88888888888888888,1
1320546450,Sxxlxapl,1
6903566374,Salahuddin1187,1
6502187996,anchornavy,1
5853138203,legit_10,1
723904146,Mr_Takeshki,1
5022754810,Morino369,1
7045909712,DekaMetanTest,1
5909530685,kilagar,1
1930984029,kingfrogonton,1
1941905632,SKULLSCALLZ,1
6904880491,VitalyaMask3,1
1938409576,mugi_waraluffy,1
5467220257,Aghoez,1
6979485038,,1
1099179518,nike11111,1
6969894029,,1
6089284751,SolSolid,1
5605835318,reklamatopru,1
5033230223,Frankie052,1
5069779820,,1
5652903048,azizbek_new,1
5711777214,artemsar77,1
7416380519,kriptomanchik1,1
6997517055,bankersx,1
1222371331,My_Lazizbek_Turaboev,1
1815670199,dhdjekxksks,1
5024677784,Kuzataman,1
7225693506,ahmadmagamed,1
6052599943,Oliyjanoboqtanli,1
5360089309,zxc4466730,1
608556503,fuck_0u,1
6376511837,vlow55,1
7042242300,joyzticks,1
7137878080,Johnnyloser,1
1921062931,Baseglad,1
7006071599,deann_v,1
5528683702,RambAs1,1
6770258236,realmadmusic,1
6986127679,ton_tonster1,1
1532243460,,1
632351,maxonspiderman,1
195631339,Misho1111,1
6534827971,j_Dub_ya1,1
6783898225,greywolfgru,1
5329618544,mjr0397,1
5292269512,justEXTEZZY,1
1268022008,alibaba6686,1
1202636383,Take_y,1
6674564193,Bekmirzayew,1
826805373,TIGER212324,1
650451978,bek_offical2911,1
5354156138,treder_uz,1
1001130038,eminem0508,1
718106809,Lionguide,1
687039189,foziljon_eshmurodov,1
1794819508,monkeymm0,1
1850461207,wawes73,1
6363866425,Jumayev_a_76,1
5821695810,Shaxaxaxaxa,1
1867946939,MYTHICUZ_ADMIN,1
5843169962,Erkaboy_Matyaqubov,1
1809114670,Akhmad_Umar,1
6693487578,BaXa37w,1
727677153,CW_MAAATE,1
1146236377,otlante,1
6907286157,,1
6344436924,soqqachiadmin,1
5530883601,Prokuror0012,1
936014104,medic98,1
1022396080,bekokaaang,1
5435836277,noname_B2,1
1216518470,icefrogtiny,1
717879447,Tasmimpro,1
996835702,los1amb,1
1146967517,quesofresco,1
4995933,,1
6761693704,blueplate1,1
5380107595,asyok0329,1
640491371,Enkkk2211,1
1806533100,elsalny,1
1592208994,SMM_MENEDJER,1
1146863343,king_buga,1
5517920724,Otashkuu,1
560702755,s_vlsv,1
7010848506,Lpaz24,1
6995192935,dzhongromov,1
1703374054,isokov_khusniddin,1
6676278597,,1
6692565015,blum1721,1
1109809637,farxodov_s,1
7303744531,,1
6898312062,braveski,1
6656394317,,1
5833143775,,1
5549717160,humster_tut,1
6413514237,bexa6y,1
355065539,TSUdefi,1
6504161726,A7m0o_22,1
6621554089,Absalytexx_1,1
7019981738,ahmagra,1
7081386994,AhmedAryan_A,1
7134262095,AkZZiks,1
6734768931,Alex_izForgiz,1
6906602408,alisindi2,1
6124372511,Dolanboyev_s,1
6631421155,,1
7368458286,DOGGYtheG,1
6756496777,,1
709269013,GlerkinG,1
2052360601,,1
7389272819,td78a,1
5017484096,CryptoPh4ntom,1
5357158191,SardorbekBio,1
5363544902,LeoLeoneli,1
1657448285,mirjalol_norkobilov,1
2041039176,Husseinkadi,1
7398223464,Mona_Trader,1
2075643180,,1
1834380983,nizom_nizamov,1
5731675192,valentinoconsult,1
90631925,pashkacrz,1
6506163178,archetype0x,1
1212271456,karimovislam456,1
7496182996,redstreamnetay,1
6717366609,zzzzero,1
112144567,FarrukhNeuro,1
1677034028,HIGHPOWERZ,1
7340120098,Crew3Guy,1
7033072124,,1
6991135722,cassshbackkich,1
99916528,Askerrrrrrr,1
5151102763,poppinsmoke1,1
476361343,R131P,1
2140077240,orig1nalname,1
875959406,yetisce,1
6523794278,madranos,1
6362076157,Haydaralayan,1
1003406613,georgedoro,1
5137775782,kaurchicc,1
7081816992,,1
7381485547,Tony_boss,1
1992250149,Jantakeoff,1
227344854,kvorobiev,1
7162400937,abilitySpider,1
7120758694,BRBRBRBsta2318,1
7230270661,yiboyyun613,1
7048248936,Thereinbefore1953,1
7249205725,JJlubin,1
7066015275,SamBossssss,1
6003024485,Hankobrat,1
5748372640,CryptoJBCT,1
6877479407,kenzzy2564,1
1361868061,maqsudjon_gulomjonov,1
1624718421,ikolef,1
7406473896,Scurry_Faceman,1
6303977270,WillyMing,1
308771038,fdvdghxs,1
1361779059,Arman0_900,1
384570203,DarkXsilverID,1
719698723,FabioBettiTailor,1
815513390,Bogdanovskiy_Pavel,1
1654463763,mandragyl,1
1582958670,onemanhere,1
693844215,aydaritygang,1
677636881,yarokarsh,1
556940085,vyuvctct,1
7195492224,KenMa_crypto,1
7260352004,Ochunkier,1
5907589596,jimnyness,1
7414675577,Yannix133,1
619660997,ngantao,1
6772737607,letmeworkbaby,1
7248756729,whaleonton1,1
344132567,AliasVaVa,1
6581944262,x0xKanaky,1
73987652,jjplatinum,1
538135677,Thepeakyblinders6,1
6439408385,,1
7348117019,Oxyugasurfer,1
394112994,VladiusLaviosa,1
6335052676,TonSolEth_Dev,1
5993668535,adriankidd,1
1196201543,Devilscrat,1
1246794662,ThreeSixNine,1
1998238338,jglaze420,1
7151206937,cherryz1568a,1
7471857887,Kkkatia1,1
6533573980,antiwarweb3,1
7027766762,kateGodswi28217,1
7051883044,eurdale,1
7247034521,Sprattedeunice,1
6029342284,,1
467605570,burichek,1
1694599974,Le_magicien_691,1
7320161335,,1
7270183506,zamaax_H,1
6170868029,GotThatZaZa813,1
1509234628,florian_andreas,1
7414375497,Juiceparis,1
1528990222,dscomax,1
539941570,TW_VK,1
5286756287,Rgumapon,1
1097150737,Pr3stige14,1
7475551542,,1
1480323430,donnerdistel,1
7340855383,pedroguerra1,1
6994410525,MosesWandhiya,1
354337610,VasilevaM,1
506064656,Slobodskoy999,1
7269463255,Nonameindeed,1
7396724292,HolyMoleyton,1
7091339436,heyhabibti,1
7317855933,,1
7333407290,iaycarter,1
7370043940,,1
7416361532,SEINAILKAFN,1
7272712309,LENSCASTFE,1
536855206,ZiRaTu1,1
7130856554,bromhydric_close,1
5934080309,,1
7306723975,,1
6817293002,,1
453748903,ZaZu_92,1
7094934080,peepothelegend,1
7021561426,WilamDev,1
7295921265,,1
1671981187,Irddbbdbf,1
6477481564,grishkova2,1
7271062644,teso_ton,1
7219099755,tonliqudity,1
7460837083,ponkeponk,1
1050946402,mirsharoff,1
7172440845,bethovenf,1
84966228,Amirraj,1
5214701741,knight_uc,1
1673946247,anvar1917,1
7060961110,,1
6812636223,monster_DXB,1
5250727200,Zmkkfe,1
6806774095,qx8U9,1
6319420449,Devid566,1
806447775,M_i0518,1
6890029295,Womensusin,1
6017280468,G3693697,1
750507313,Ayupov91,1
5057604364,dade291,1
6540150038,gimadeev_ra,1
7248540906,,1
1261702530,Vinny78915,1
5980373158,,1
1047517082,TonKrem,1
5588666612,icymokro,1
7247690567,Attisgaming,1
7220351872,Rakanshof,1
6761762972,haybroder,1
6405826182,tonkers_dev,1
6225161427,VascoDaGamasi,1
1854844198,Inventagious,1
6083328379,,1
904689872,,1
6723199027,ogcryptosoul,1
1368686558,lbernardl,1
780590320,merlody_lga,1
7178641819,cliqandcroll,1
1945941169,Highland4,1
6281494614,skhayap,1
6661031074,,1
1596748011,isaacabrahamodeh,1
7393788624,nofomophobic,1
5492906765,,1
823772439,NvR_ALI,1
1030143889,Nuriddincr,1
832012666,vestasyncs,1
743964792,TENPROUZ,1
1478081341,,1
5791236294,,1
7033871315,bob_the_goat,1
7077084297,slim_shady888,1
6264722621,Pixel_framer,1
7337285231,Swampytoken,1
7266256342,,1
6744171343,capriocrypto,1
6692687201,romanryzhikh,1
5924911309,ilnsidebeats,1
1127597598,,1
916530337,BoredElonClub,1
1855443157,cutewolf84,1
7199898566,,1
1303067024,,1
6960406208,Dyor_ninjaton,1
7264573100,,1
7277828414,Smarshy1,1
7345246264,relaxwaman,1
6960174024,smartai383,1
7400724017,Hoskty983,1
7338465038,omandejo,1
5313450365,,1
1300329679,DaaaD,1
1123117908,karnieo,1
1198405535,Brobros,1
1732006529,Alcoholism25,1
7391857238,jeetonton,1
7376081975,taketheriskalltime,1
7401520813,Cool_man923,1
7440371153,king_forc,1
7346504509,calmgoer76,1
7296422473,mimofark,1
6807492989,tryingnear,1
7371420920,Assimfank,1
767194691,NextStationMi,1
1808253883,Ctotiskazal,1
7480695744,,1
6091665571,ftg3232,1
2013107142,,1
6990679697,tondoza,1
5082882946,whatisoff,1
7247673900,tonbosspubilc,1
1809580654,Nazulii,1
2137052304,DKDanmark,1
2090554189,bagagod,1
6485988058,,1
6388721453,mujohid_saidahmadiy,1
6360723741,bekzodqodiriy,1
662887206,Husaink0101,1
5952776240,Li1_hleb,1
165186080,Mstitel_007,1
6071745155,Gusto325,1
7232479059,,1
173173773,bookgis,1
897545617,Giannis_azero,1
552734823,harmansky,1
82943928,cupofsingularity,1
1365081195,YavuzVeysel,1
7484048054,tonolaf,1
6455297964,hackattackinmemes,1
